{
    "analyses": [
        {
            "age": 1.1827352400176134,
            "age_err": 0.0022102745728592985,
            "age_err_wo_j": 0.0022102745728592985,
            "baseline_corrected_intercepts": {
                "Ar36": {
                    "error": 6.866561745452982e-08,
                    "value": 5.884816345814351e-06
                },
                "Ar37": {
                    "error": 2.397664690997626e-07,
                    "value": 2.5337367693977308e-05
                },
                "Ar38": {
                    "error": 4.302754101143965e-07,
                    "value": 0.0004132293544848679
                },
                "Ar39": {
                    "error": 1.1380197434843837e-05,
                    "value": 0.03456982812355283
                },
                "Ar40": {
                    "error": 5.080683933559418e-06,
                    "value": 0.043517426397169635
                }
            },
            "blanks": {
                "Ar36": {
                    "error": 1.3242381532462953e-08,
                    "value": 9.017041253148965e-07
                },
                "Ar37": {
                    "error": 1.1340354240286256e-07,
                    "value": 9.115299359259031e-09
                },
                "Ar38": {
                    "error": 1.1706011792283813e-07,
                    "value": 4.910549810772125e-07
                },
                "Ar39": {
                    "error": 3.3105172309038635e-07,
                    "value": 2.4629745520589298e-06
                },
                "Ar40": {
                    "error": 3.077005324963953e-06,
                    "value": 0.00015569564056046211
                }
            },
            "extract_value": 30.0,
            "ic_corrected_values": {
                "Ar36": {
                    "error": 7.214330757149946e-08,
                    "value": 5.081956412658005e-06
                },
                "Ar37": {
                    "error": 3.0804440705705476e-07,
                    "value": 2.613502748320333e-05
                },
                "Ar38": {
                    "error": 1.5692415971449366e-06,
                    "value": 0.0004213533836967687
                },
                "Ar39": {
                    "error": 6.241200277685441e-05,
                    "value": 0.034921112202060144
                },
                "Ar40": {
                    "error": 5.939807320324905e-06,
                    "value": 0.04336173075660917
                }
            },
            "icfactors": {
                "Ar36": {
                    "error": 0.0021835876905313104,
                    "value": 1.0198358350734962
                },
                "Ar37": {
                    "error": 0.005582156895084643,
                    "value": 1.0318527735753578
                },
                "Ar38": {
                    "error": 0.0036385353501296185,
                    "value": 1.0208729943485628
                },
                "Ar39": {
                    "error": 0.0017745951090513568,
                    "value": 1.0102335555959954
                },
                "Ar40": {
                    "error": 0.0,
                    "value": 1.0
                }
            },
            "interference_corrected_values": {
                "Ar36": {
                    "error": 7.215596493791364e-08,
                    "value": 4.993226066842327e-06
                },
                "Ar37": {
                    "error": 4.003023954486265e-06,
                    "value": 0.00033962356942595837
                },
                "Ar38": {
                    "error": 1.5692415971449366e-06,
                    "value": 0.0004213533836967687
                },
                "Ar39": {
                    "error": 6.246932009277469e-05,
                    "value": 0.03495294418379893
                },
                "Ar40": {
                    "error": 6.72154951537845e-06,
                    "value": 0.043336215107355
                }
            },
            "kca": 45.40744927746997,
            "kca_err": 0.559357789132683,
            "kcl": -36038.27899460787,
            "kcl_err": 17135.398085267483,
            "plateau_step": false,
            "radiogenic_yield": 96.50315336285439,
            "radiogenic_yield_err": 0.05033804676651717,
            "record_id": "UW154:I162-03",
            "rundate": 