{
    "Ar36": {
        "error": 6.866561745452982e-08,
        "error_type": "SEM",
        "filter_outliers_dict": {
            "filter_outliers": true,
            "iterations": 1,
            "std_devs": 2,
            "use_iqr_filtering": false,
            "use_standard_deviation_filtering": true
        },
        "fit": "parabolic",
        "fn": 375,
        "include_baseline_error": false,
        "n": 990,
        "outlier_excluded": [
            708,
            774,
            786,
            836,
            840,
            848,
            856,
            857,
            860,
            862,
            863,
            864,
            869,
            871,
            872,
            884,
            885,
            886,
            889,
            890,
            891,
            892,
            893,
            895,
            900,
            901,
            903,
            904,
            905,
            908,
            909,
            915,
            916,
            917,
            918,
            920,
            922,
            923,
            925,
            926,
            928,
            930,
            932,
            936,
            937,
            938,
            939,
            940,
            941,
            942,
            946,
            947,
            948,
            949,
            950,
            951,
            952,
            953,
            954,
            955,
            956,
            957,
            958,
            959,
            960,
            961,
            962,
            963,
            964,
            965,
            966,
            967,
            968,
            969,
            970,
            972,
            973,
            974,
            975,
            976,
            977,
            978,
            979,
            980,
            981,
            982,
            983,
            984,
            985,
            986,
            988,
            989
        ],
        "reviewed": true,
        "user_excluded": [],
        "value": 6.236483013748458e-06
    },
    "Ar37": {
        "error": 2.397664690997626e-07,
        "error_type": "SEM",
        "filter_outliers_dict": {
            "filter_outliers": true,
            "iterations": 1,
            "std_devs": 2,
            "use_iqr_filtering": false,
            "use_standard_deviation_filtering": true
        },
        "fit": "parabolic",
        "fn": 90,
        "include_baseline_error": false,
        "n": 90,
        "outlier_excluded": [],
        "reviewed": true,
        "user_excluded": [],
        "value": 1.4915678537909808e-05
    },
    "Ar38": {
        "error": 4.302754101143965e-07,
        "error_type": "SEM",
        "filter_outliers_dict": {
            "filter_outliers": true,
            "iterations": 1,
            "std_devs": 2,
            "use_iqr_filtering": false,
            "use_standard_deviation_filtering": true
        },
        "fit": "parabolic",
        "fn": 90,
        "include_baseline_error": false,
        "n": 90,
        "outlier_excluded": [],
        "reviewed": true,
        "user_excluded": [],
        "value": 0.0004035658780089605
    },
    "Ar39": {
        "error": 1.1380197434843837e-05,
        "error_type": "SEM",
        "filter_outliers_dict": {
            "filter_outliers": true,
            "iterations": 1,
            "std_devs": 2,
            "use_iqr_filtering": false,
            "use_standard_deviation_filtering": true
        },
        "fit": "parabolic",
        "fn": 90,
        "include_baseline_error": false,
        "n": 90,
        "outlier_excluded": [],
        "reviewed": true,
        "user_excluded": [],
        "value": 0.03456303671289311
    },
    "Ar40": {
        "error": 5.080683933559418e-06,
        "error_type": "SEM",
        "filter_outliers_dict": {
            "filter_outliers": true,
            "iterations": 1,
            "std_devs": 2,
            "use_iqr_filtering": false,
            "use_standard_deviation_filtering": true
        },
        "fit": "parabolic",
        "fn": 87,
        "include_baseline_error": false,
        "n": 90,
        "outlier_excluded": [],
        "reviewed": true,
        "user_excluded": [],
        "value": 0.043510895607654115
    }
}