{
    "Ar36": {
        "error": 3.8660126172806153e-08,
        "error_type": "SEM",
        "filter_outliers_dict": {
            "filter_outliers": true,
            "iterations": 1,
            "std_devs": 2,
            "use_iqr_filtering": false,
            "use_standard_deviation_filtering": true
        },
        "fit": "linear",
        "fn": 727,
        "include_baseline_error": false,
        "n": 990,
        "outlier_excluded": [
            770,
            771,
            904,
            265,
            267,
            907,
            781,
            14,
            271,
            913,
            915,
            916,
            918,
            919,
            796,
            30,
            926,
            929,
            932,
            293,
            678,
            295,
            296,
            809,
            936,
            555,
            937,
            45,
            685,
            942,
            944,
            945,
            690,
            822,
            952,
            825,
            701,
            575,
            960,
            961,
            67,
            579,
            712,
            585,
            970,
            844,
            975,
            977,
            978,
            851,
            980,
            726,
            982,
            985,
            986,
            610,
            876,
            110,
            883,
            372,
            373,
            886,
            888,
            632,
            507,
            892
        ],
        "reviewed": true,
        "user_excluded": [],
        "value": 1.2554218099829238e-05
    },
    "Ar37": {
        "error": 2.596532459009653e-07,
        "error_type": "SEM",
        "filter_outliers_dict": {
            "filter_outliers": true,
            "iterations": 1,
            "std_devs": 2,
            "use_iqr_filtering": false,
            "use_standard_deviation_filtering": true
        },
        "fit": "parabolic",
        "fn": 90,
        "include_baseline_error": false,
        "n": 90,
        "outlier_excluded": [],
        "reviewed": true,
        "user_excluded": [],
        "value": 2.107553539963274e-06
    },
    "Ar38": {
        "error": 3.704460601706176e-07,
        "error_type": "SEM",
        "filter_outliers_dict": {
            "filter_outliers": true,
            "iterations": 1,
            "std_devs": 2,
            "use_iqr_filtering": false,
            "use_standard_deviation_filtering": true
        },
        "fit": "parabolic",
        "fn": 90,
        "include_baseline_error": false,
        "n": 90,
        "outlier_excluded": [],
        "reviewed": true,
        "user_excluded": [],
        "value": 0.00022976773378503666
    },
    "Ar39": {
        "error": 8.530518202729807e-06,
        "error_type": "SEM",
        "filter_outliers_dict": {
            "filter_outliers": true,
            "iterations": 1,
            "std_devs": 2,
            "use_iqr_filtering": false,
            "use_standard_deviation_filtering": true
        },
        "fit": "parabolic",
        "fn": 90,
        "include_baseline_error": false,
        "n": 90,
        "outlier_excluded": [],
        "reviewed": true,
        "user_excluded": [],
        "value": 0.01980860024167167
    },
    "Ar40": {
        "error": 1.2209400803897054e-05,
        "error_type": "SEM",
        "filter_outliers_dict": {
            "filter_outliers": true,
            "iterations": 1,
            "std_devs": 2,
            "use_iqr_filtering": false,
            "use_standard_deviation_filtering": true
        },
        "fit": "parabolic",
        "fn": 90,
        "include_baseline_error": false,
        "n": 90,
        "outlier_excluded": [],
        "reviewed": true,
        "user_excluded": [],
        "value": 0.02730955926511708
    }
}