{
    "Ar36": {
        "error": 5.0168108458295366e-08,
        "error_type": "SEM",
        "filter_outliers_dict": {
            "filter_outliers": true,
            "iterations": 1,
            "std_devs": 2,
            "use_iqr_filtering": false,
            "use_standard_deviation_filtering": true
        },
        "fit": "parabolic",
        "fn": 372,
        "include_baseline_error": false,
        "n": 990,
        "outlier_excluded": [
            767,
            776,
            804,
            816,
            828,
            843,
            845,
            846,
            850,
            853,
            858,
            864,
            865,
            866,
            870,
            871,
            873,
            876,
            877,
            878,
            879,
            881,
            889,
            890,
            891,
            892,
            896,
            897,
            899,
            902,
            903,
            905,
            906,
            907,
            908,
            913,
            914,
            918,
            921,
            922,
            923,
            924,
            925,
            927,
            928,
            929,
            930,
            932,
            933,
            934,
            935,
            936,
            937,
            938,
            939,
            943,
            944,
            945,
            947,
            948,
            949,
            950,
            951,
            952,
            953,
            954,
            957,
            959,
            961,
            962,
            963,
            964,
            965,
            966,
            967,
            968,
            969,
            971,
            972,
            973,
            974,
            976,
            980,
            981,
            983,
            985,
            988,
            989
        ],
        "reviewed": true,
        "user_excluded": [],
        "value": 2.8356627617575915e-06
    },
    "Ar37": {
        "error": 2.524835509868015e-07,
        "error_type": "SEM",
        "filter_outliers_dict": {
            "filter_outliers": true,
            "iterations": 1,
            "std_devs": 2,
            "use_iqr_filtering": false,
            "use_standard_deviation_filtering": true
        },
        "fit": "parabolic",
        "fn": 90,
        "include_baseline_error": false,
        "n": 90,
        "outlier_excluded": [],
        "reviewed": true,
        "user_excluded": [],
        "value": 3.949858114776087e-06
    },
    "Ar38": {
        "error": 3.6461862273816457e-07,
        "error_type": "SEM",
        "filter_outliers_dict": {
            "filter_outliers": true,
            "iterations": 1,
            "std_devs": 2,
            "use_iqr_filtering": false,
            "use_standard_deviation_filtering": true
        },
        "fit": "parabolic",
        "fn": 90,
        "include_baseline_error": false,
        "n": 90,
        "outlier_excluded": [],
        "reviewed": true,
        "user_excluded": [],
        "value": 0.0002751305648636295
    },
    "Ar39": {
        "error": 1.3802828425231127e-05,
        "error_type": "SEM",
        "filter_outliers_dict": {
            "filter_outliers": true,
            "iterations": 1,
            "std_devs": 2,
            "use_iqr_filtering": false,
            "use_standard_deviation_filtering": true
        },
        "fit": "parabolic",
        "fn": 90,
        "include_baseline_error": false,
        "n": 90,
        "outlier_excluded": [],
        "reviewed": true,
        "user_excluded": [],
        "value": 0.023788081448896815
    },
    "Ar40": {
        "error": 8.985334277462918e-06,
        "error_type": "SEM",
        "filter_outliers_dict": {
            "filter_outliers": true,
            "iterations": 1,
            "std_devs": 2,
            "use_iqr_filtering": false,
            "use_standard_deviation_filtering": true
        },
        "fit": "parabolic",
        "fn": 87,
        "include_baseline_error": false,
        "n": 90,
        "outlier_excluded": [],
        "reviewed": true,
        "user_excluded": [],
        "value": 0.029504488123431087
    }
}